id;date;treatment;reported_diceroll;correct_guess;age;female;education;universitydegree;sector;employed;highincome;politicalright;believeingod;believeinfreewill;generaltrust
1;07.05.2019 16:04;Trust_promise;1;0;37;0;3;1;1;1;NA;6;10;10;9
2;07.05.2019 09:37;Control;2;0;53;0;4;1;1;1;1;4;1;10;9
3;07.05.2019 09:37;Trust_promise;6;0;29;0;4;1;1;1;1;9;1;11;8
4;07.05.2019 09:38;Trust_promise;1;0;20;1;2;0;3;0;0;5;1;8;7
5;07.05.2019 09:38;Control;2;0;66;1;2;0;1;1;0;10;10;6;9
6;07.05.2019 09:42;Control;5;1;37;0;2;0;1;1;0;6;11;11;6
7;07.05.2019 09:46;Trust_promise;4;0;65;0;4;1;2;1;1;8;10;11;9
8;07.05.2019 09:48;Trust_promise;6;1;48;1;4;1;1;1;1;7;6;7;7
9;07.05.2019 09:59;Trust_promise;2;1;35;0;2;0;1;1;1;10;1;6;4
10;07.05.2019 09:53;Control;4;1;66;1;3;1;2;1;1;9;9;10;7
11;07.08.2019 11:40;Control;2;1;26;1;3;1;2;1;0;3;11;11;4
12;07.05.2019 10:03;Control;1;0;60;1;4;1;2;1;1;6;11;11;6
13;07.05.2019 10:05;Trust_promise;3;0;26;1;3;1;2;1;0;6;3;8;7
14;07.05.2019 10:31;Control;4;0;29;1;4;1;1;1;NA;6;2;10;6
15;07.05.2019 10:23;Control;3;0;34;1;3;1;2;1;1;5;1;11;7
16;07.05.2019 10:26;Trust_promise;2;1;26;1;3;1;2;1;0;6;11;11;9
17;07.05.2019 10:39;Trust_promise;4;0;52;0;3;1;1;1;1;8;3;11;9
18;07.05.2019 10:42;Control;4;1;28;1;3;1;2;1;0;5;1;11;3
19;07.05.2019 10:59;Trust_promise;2;1;55;0;3;1;1;1;0;5;5;11;8
20;07.05.2019 11:27;Control;4;1;22;1;2;0;3;0;NA;1;1;11;7
21;07.05.2019 11:55;Control;3;0;33;1;2;0;2;1;NA;6;1;11;3
22;07.05.2019 18:21;Trust_promise;2;0;55;0;2;0;2;1;NA;6;8;11;7
23;07.05.2019 11:48;Trust_promise;6;0;19;1;2;0;1;1;0;1;11;11;2
24;07.05.2019 11:49;Control;4;1;71;0;3;1;3;0;1;8;4;9;9
25;07.05.2019 12:01;Trust_promise;1;0;56;1;2;0;1;1;1;10;6;7;9
26;07.05.2019 12:11;Control;2;1;70;0;3;1;1;1;1;4;1;8;8
27;07.05.2019 12:24;Trust_promise;5;0;30;1;2;0;1;1;0;10;1;11;7
28;07.05.2019 12:35;Control;5;0;81;0;2;0;3;0;0;9;6;5;9
29;07.05.2019 12:52;Trust_promise;1;0;42;1;2;0;3;0;0;4;7;4;6
30;07.05.2019 13:04;Trust_promise;5;0;54;1;3;1;2;1;0;4;11;11;9
31;07.05.2019 13:22;Trust_promise;5;1;22;0;2;0;2;1;0;6;2;9;8
32;07.05.2019 13:25;Control;1;0;74;1;4;1;3;0;NA;4;4;5;7
33;07.05.2019 13:45;Control;4;1;19;1;2;0;2;1;0;9;1;10;8
34;07.05.2019 13:47;Control;3;0;40;1;2;0;1;1;NA;6;6;7;6
35;07.05.2019 13:56;Trust_promise;5;0;34;1;4;1;2;1;1;3;3;10;8
36;07.05.2019 14:29;Trust_promise;6;1;68;0;3;1;2;1;1;4;1;9;7
37;07.05.2019 14:32;Control;4;0;25;0;4;1;1;1;1;8;1;11;6
38;07.05.2019 15:30;Control;5;1;23;1;4;1;2;1;NA;6;11;11;9
39;07.05.2019 15:46;Trust_promise;2;0;69;0;3;1;3;0;NA;4;1;8;9
40;07.05.2019 16:05;Control;1;0;35;0;4;1;2;1;1;3;1;9;4
41;07.05.2019 17:00;Control;3;1;37;1;2;0;1;1;0;9;1;11;9
42;07.05.2019 18:20;Trust_promise;2;0;21;1;2;0;2;1;NA;2;2;8;7
43;07.05.2019 18:44;Control;4;1;23;1;2;0;1;1;0;6;4;9;6
44;07.05.2019 19:40;Trust_promise;5;0;39;1;4;1;2;1;1;6;4;11;6
45;07.05.2019 21:25;Control;4;1;57;0;3;1;1;1;1;9;1;10;8
46;07.05.2019 22:45;Control;4;0;56;0;3;1;2;1;1;5;1;7;7
47;07.05.2019 23:57;Trust_promise;1;0;75;0;3;1;3;0;1;9;8;9;8
48;07.06.2019 05:08;Trust_promise;5;0;30;1;3;1;2;1;0;1;6;11;5
49;07.06.2019 08:31;Control;3;1;71;1;1;0;3;0;0;8;1;6;5
50;07.06.2019 08:43;Trust_promise;5;1;62;0;1;0;3;0;1;9;6;9;7
51;07.06.2019 08:59;Control;6;0;22;1;2;0;2;1;0;6;11;8;8
52;07.06.2019 10:51;Control;6;0;54;0;2;0;3;0;0;6;11;11;6
53;07.06.2019 10:50;Trust_promise;6;0;35;1;3;1;3;0;0;3;2;11;6
54;07.06.2019 11:36;Control;5;1;55;0;3;1;1;1;1;3;7;6;9
55;07.06.2019 13:03;Trust_promise;4;0;28;0;3;1;1;1;0;3;1;8;9
56;07.06.2019 17:43;Trust_promise;2;1;45;0;3;1;1;1;1;9;7;6;6
57;07.06.2019 20:33;Control;5;0;22;0;2;0;1;1;1;9;2;8;7
58;07.06.2019 21:55;Control;4;0;22;0;2;0;1;1;0;1;1;1;2
59;07.06.2019 22:05;Trust_promise;3;1;41;1;3;1;2;1;NA;6;6;10;9
60;07.06.2019 23:27;Trust_promise;5;0;18;1;1;0;2;1;NA;6;3;9;4
61;07.07.2019 09:14;Control;6;1;21;1;2;0;2;1;0;8;7;8;6
62;07.07.2019 15:29;Trust_promise;5;1;28;1;4;1;2;1;0;4;2;8;3
63;07.07.2019 15:30;Control;5;0;45;1;4;1;2;1;0;6;7;11;8
64;07.07.2019 21:43;Trust_promise;5;1;23;1;3;1;1;1;0;3;5;11;10
65;07.10.2019 14:44;Trust_promise;5;0;38;1;2;0;1;1;0;3;1;11;8
66;07.08.2019 00:01;Control;5;0;47;1;4;1;2;1;0;5;2;8;10
67;07.08.2019 09:10;Trust_promise;6;0;56;0;4;1;1;1;1;8;11;11;11
68;07.08.2019 10:44;Trust_promise;2;0;38;1;2;0;3;0;0;6;7;11;6
69;07.08.2019 11:25;Control;5;1;75;0;4;1;3;0;1;9;1;4;5
70;07.08.2019 13:28;Control;5;1;60;1;5;1;1;1;1;6;10;9;8
71;07.08.2019 15:22;Trust_promise;1;0;18;1;1;0;3;0;NA;4;1;11;5
72;07.08.2019 17:37;Control;1;1;35;1;2;0;2;1;0;5;2;10;7
73;07.08.2019 21:23;Trust_promise;2;0;63;0;4;1;2;1;1;8;2;9;8
74;07.09.2019 10:02;Control;3;0;78;1;4;1;3;0;0;9;11;6;9
75;07.09.2019 10:03;Trust_promise;1;0;48;1;2;0;2;1;1;6;1;8;6
76;07.09.2019 10:05;Trust_promise;4;0;46;1;2;0;1;1;0;11;1;10;7
77;07.09.2019 10:04;Trust_promise;3;0;29;0;3;1;1;1;0;2;1;3;7
78;07.09.2019 10:05;Control;2;0;59;1;4;1;3;0;0;2;11;11;8
79;07.09.2019 10:04;Control;3;0;24;0;3;1;1;1;0;3;1;11;8
80;07.09.2019 10:04;Trust_promise;5;0;20;1;2;0;1;1;0;6;1;5;3
81;07.09.2019 10:03;Control;5;1;50;1;3;1;1;1;NA;10;6;11;8
82;07.09.2019 10:06;Trust_promise;2;0;72;1;3;1;3;0;1;4;4;8;6
83;07.09.2019 10:10;Control;2;1;51;0;4;1;1;1;1;10;11;11;5
84;07.09.2019 10:04;Control;2;1;50;0;4;1;2;1;1;2;1;8;8
85;07.09.2019 10:05;Control;2;0;25;0;2;0;1;1;0;8;6;11;3
86;07.09.2019 10:04;Trust_promise;5;0;43;1;4;1;2;1;1;3;6;11;8
87;07.09.2019 10:12;Control;5;0;37;0;3;1;1;1;1;5;2;8;9
88;07.09.2019 10:05;Trust_promise;1;0;32;1;4;1;1;1;1;6;3;9;8
89;07.09.2019 10:04;Trust_promise;5;1;27;0;3;1;1;1;1;6;11;11;8
90;07.09.2019 10:09;Trust_promise;6;0;59;1;2;0;3;0;0;6;1;10;8
91;07.09.2019 10:08;Trust_promise;3;0;63;1;2;0;2;1;0;4;5;8;8
92;07.09.2019 10:05;Control;5;1;39;1;3;1;2;1;1;6;1;9;5
93;07.09.2019 10:06;Control;5;1;30;1;3;1;2;1;1;5;6;9;7
94;07.09.2019 10:06;Trust_promise;5;1;23;1;3;1;1;1;NA;8;6;9;6
95;07.09.2019 10:29;Trust_promise;4;0;50;0;2;0;1;1;0;8;6;11;8
96;07.09.2019 10:08;Trust_promise;3;0;48;0;2;0;1;1;1;3;6;7;8
97;07.09.2019 10:09;Control;1;1;35;1;4;1;1;1;0;2;2;11;8
98;07/22/2019 11:25;Control;6;1;37;0;6;0;2;1;1;8;11;11;8
99;07.09.2019 10:09;Trust_promise;5;1;29;0;2;0;1;1;0;3;1;7;5
100;07.09.2019 10:11;Trust_promise;2;0;37;1;3;1;1;1;1;4;4;10;8
101;07.09.2019 10:10;Control;6;0;27;0;3;1;2;1;0;9;9;8;8
102;07.10.2019 10:30;Trust_promise;5;1;29;0;3;1;1;1;0;5;1;11;8
103;07.09.2019 10:11;Trust_promise;6;0;58;1;2;0;2;1;NA;7;7;8;5
104;07.09.2019 10:13;Control;4;1;63;0;2;0;1;1;1;8;6;11;10
105;07.09.2019 10:13;Control;1;0;29;1;4;1;1;1;0;7;1;6;5
106;07.09.2019 10:13;Control;2;0;61;0;2;0;3;0;0;8;2;10;6
107;07.09.2019 10:14;Trust_promise;2;1;29;0;4;1;1;1;1;7;1;10;8
108;07.09.2019 10:15;Control;4;1;51;1;3;1;3;0;NA;8;3;11;8
109;07.09.2019 10:17;Trust_promise;5;1;54;0;3;1;1;1;1;7;1;9;8
110;07.09.2019 10:13;Control;2;1;23;1;2;0;2;1;1;6;3;6;3
111;07.09.2019 10:15;Control;3;0;43;1;1;0;3;0;0;6;11;11;7
112;07.09.2019 10:13;Trust_promise;1;0;22;0;3;1;3;0;0;7;4;10;8
113;07.09.2019 10:15;Trust_promise;6;1;71;1;3;1;3;0;0;2;2;9;9
114;07.09.2019 10:16;Control;2;1;72;1;2;0;3;0;0;6;10;7;7
115;07.09.2019 10:17;Trust_promise;1;1;40;1;3;1;1;1;0;6;11;11;9
116;07.09.2019 10:16;Control;2;1;24;1;2;0;2;1;0;6;3;8;11
117;07.09.2019 10:18;Trust_promise;4;0;65;0;3;1;3;0;0;3;4;10;9
118;07.09.2019 10:17;Control;3;1;23;1;3;1;1;1;0;3;1;10;8
119;07.09.2019 10:17;Control;4;1;26;1;3;1;2;1;0;2;1;6;5
120;07.09.2019 10:16;Trust_promise;4;0;40;1;3;1;1;1;1;8;8;10;9
121;07.09.2019 10:18;Trust_promise;4;0;47;1;2;0;2;1;0;6;3;11;6
122;07.09.2019 10:19;Control;5;0;25;0;3;1;1;1;1;8;1;10;7
123;07.09.2019 10:34;Trust_promise;6;0;76;0;3;1;3;0;0;7;5;5;7
124;07.09.2019 10:20;Control;2;1;62;0;2;0;3;0;0;6;3;8;10
125;07.09.2019 10:21;Trust_promise;2;1;26;1;2;0;3;0;0;11;1;11;8
126;07.09.2019 10:20;Control;2;1;37;0;3;1;1;1;0;5;1;11;8
127;07.09.2019 10:22;Control;5;1;41;1;2;0;2;1;NA;6;11;8;7
128;07.09.2019 10:22;Trust_promise;2;1;26;1;2;0;1;1;0;6;1;11;7
129;07.09.2019 10:22;Control;3;0;39;1;2;0;2;1;NA;6;6;11;9
130;07.09.2019 10:24;Control;4;1;19;1;2;0;1;1;0;11;1;6;5
131;07.09.2019 10:22;Trust_promise;4;0;34;0;4;1;2;1;0;6;1;11;10
132;07.09.2019 10:23;Control;2;0;52;1;4;1;1;1;1;4;6;11;8
133;07.09.2019 10:23;Trust_promise;1;0;21;1;3;1;3;0;NA;4;7;8;4
134;07.09.2019 10:24;Control;4;1;18;1;1;0;1;1;0;5;2;9;7
135;07.09.2019 10:25;Trust_promise;1;0;32;0;4;1;2;1;0;9;1;9;8
136;07.09.2019 10:27;Trust_promise;6;0;29;0;4;1;2;1;0;3;1;11;7
137;07.09.2019 10:26;Control;1;0;60;1;2;0;2;1;0;5;8;9;6
138;07.09.2019 10:34;Control;6;1;82;0;2;0;3;0;0;9;6;6;10
139;07.09.2019 10:27;Control;4;1;31;1;3;1;2;1;0;11;1;11;7
140;07.09.2019 10:30;Trust_promise;3;0;22;1;2;0;3;0;NA;4;5;6;7
141;07.09.2019 10:28;Trust_promise;5;1;47;0;4;1;1;1;1;3;1;10;8
142;07.09.2019 10:32;Trust_promise;5;0;19;0;2;0;3;0;0;11;1;10;8
143;07.09.2019 10:30;Control;4;1;24;0;2;0;1;1;0;6;4;8;5
144;07.09.2019 10:34;Control;3;0;66;0;4;1;3;0;1;5;6;7;9
145;07.09.2019 10:34;Trust_promise;5;0;69;1;3;1;3;0;NA;10;6;11;8
146;07.09.2019 10:33;Control;2;0;48;1;3;1;2;1;0;9;6;9;5
147;07.09.2019 10:34;Trust_promise;1;1;67;1;4;1;3;0;NA;6;4;6;6
148;07.09.2019 10:37;Trust_promise;2;0;67;0;4;1;1;1;NA;4;5;9;8
149;07.09.2019 10:35;Control;6;0;43;1;3;1;3;0;1;6;1;11;7
150;07.09.2019 10:38;Trust_promise;4;1;33;1;2;0;3;0;0;1;6;7;4
151;07.09.2019 10:46;Control;3;0;29;1;4;1;2;1;1;1;1;8;8
152;07.09.2019 10:39;Control;4;1;23;1;2;0;3;0;0;4;1;9;2
153;07.09.2019 10:38;Control;1;0;47;0;4;1;1;1;1;8;7;9;9
154;07.09.2019 10:40;Trust_promise;1;0;29;0;2;0;1;1;1;8;1;4;6
155;07.09.2019 10:42;Control;2;0;53;0;2;0;1;1;1;6;5;9;7
156;07.09.2019 10:43;Trust_promise;5;0;72;0;4;1;3;0;1;8;6;4;8
157;07.09.2019 10:42;Control;2;1;19;1;2;0;1;1;0;4;4;6;7
158;07.09.2019 10:47;Trust_promise;4;0;70;0;2;0;3;0;0;3;7;9;8
159;07.09.2019 10:46;Trust_promise;5;0;50;0;4;1;2;1;1;2;1;9;9
160;07.09.2019 10:46;Control;5;1;32;0;1;0;1;1;1;5;1;11;5
161;07.09.2019 10:45;Control;3;0;19;1;2;0;2;1;NA;8;11;9;7
162;07.09.2019 10:46;Trust_promise;2;0;29;1;4;1;2;1;1;2;6;9;5
163;07.09.2019 10:47;Trust_promise;3;0;54;1;3;1;2;1;1;5;1;8;8
164;07.09.2019 10:52;Trust_promise;1;0;69;0;4;1;1;1;1;6;11;10;7
165;07.09.2019 10:51;Control;2;1;51;0;4;1;1;1;1;6;6;6;6
166;07/22/2019 09:38;Control;6;0;29;1;3;1;1;1;1;6;1;9;7
167;07.09.2019 10:54;Trust_promise;1;1;26;0;2;0;2;1;1;6;1;6;6
168;07.09.2019 10:57;Control;2;1;28;1;2;0;1;1;0;9;8;10;4
169;07.09.2019 11:04;Control;3;0;74;1;2;0;2;1;0;11;6;6;10
170;07.09.2019 10:57;Trust_promise;2;1;27;0;1;0;1;1;1;3;1;7;7
171;07.09.2019 11:01;Control;6;1;58;1;6;0;1;1;0;6;4;3;6
172;07.09.2019 10:58;Trust_promise;3;0;54;1;3;1;2;1;0;5;10;10;9
173;07.09.2019 11:04;Trust_promise;3;1;24;1;3;1;1;1;NA;5;7;5;3
174;07.09.2019 11:01;Control;4;0;71;0;3;1;3;0;0;4;6;8;8
175;07.09.2019 11:00;Control;5;0;31;1;2;0;1;1;0;2;1;10;8
176;07.09.2019 11:01;Trust_promise;3;1;38;1;3;1;1;1;1;9;1;9;8
177;07.09.2019 11:04;Control;6;1;64;1;2;0;2;1;1;6;10;7;9
178;07.09.2019 11:05;Trust_promise;6;1;50;0;3;1;2;1;1;9;1;9;5
179;07.09.2019 11:10;Trust_promise;3;0;63;0;3;1;2;1;1;2;3;11;9
180;07.09.2019 11:12;Trust_promise;4;1;42;1;2;0;1;1;1;6;3;6;7
181;07.09.2019 11:10;Control;5;0;47;1;3;1;3;0;0;6;11;9;8
182;07.09.2019 11:26;Control;5;0;41;0;3;1;1;1;1;9;11;11;8
183;07.09.2019 11:15;Trust_promise;6;0;41;1;2;0;1;1;NA;6;1;11;8
184;07.09.2019 11:17;Control;5;0;68;1;4;1;3;0;0;7;1;10;8
185;07.09.2019 11:20;Trust_promise;5;0;30;0;2;0;1;1;0;4;6;7;8
186;07.09.2019 11:20;Control;6;1;74;0;2;0;3;0;0;4;1;10;8
187;07.09.2019 11:20;Trust_promise;3;1;35;0;4;1;2;1;1;4;8;8;8
188;07.09.2019 11:24;Control;2;0;70;0;3;1;3;0;0;9;1;8;9
189;07.09.2019 11:25;Control;1;0;62;0;3;1;2;1;1;8;6;8;9
190;07.09.2019 11:25;Trust_promise;6;1;54;1;2;0;1;1;1;7;7;6;9
191;07.09.2019 11:29;Control;4;1;59;0;3;1;2;1;1;10;10;7;5
192;07.09.2019 11:27;Trust_promise;3;0;20;1;2;0;1;1;0;3;8;9;7
193;07.09.2019 11:29;Control;2;1;22;1;2;0;3;0;0;7;4;4;4
194;07.09.2019 11:31;Trust_promise;6;0;35;0;1;0;1;1;0;6;2;9;7
195;07.09.2019 11:35;Control;4;1;70;0;4;1;1;1;NA;4;5;9;9
196;07.09.2019 11:38;Trust_promise;5;1;57;1;2;0;2;1;0;5;4;9;10
197;07.09.2019 11:42;Control;2;1;29;1;2;0;1;1;0;9;3;8;5
198;07.09.2019 11:42;Trust_promise;5;1;43;0;3;1;2;1;1;7;3;8;9
199;07.09.2019 11:43;Control;2;0;40;1;4;1;1;1;NA;9;5;7;4
200;07.09.2019 11:44;Trust_promise;2;1;71;0;3;1;3;0;NA;7;6;4;5
201;07.09.2019 11:45;Trust_promise;4;0;63;0;2;0;1;1;0;6;1;6;4
202;07.09.2019 11:45;Control;3;0;27;0;2;0;3;0;NA;4;3;9;9
203;07.09.2019 11:48;Control;6;0;73;0;2;0;3;0;NA;9;1;11;9
204;07.09.2019 11:46;Trust_promise;1;0;45;0;2;0;1;1;1;7;2;10;8
205;07.09.2019 11:51;Trust_promise;2;0;26;0;1;0;3;0;0;10;1;11;9
206;07.09.2019 11:52;Control;2;0;69;0;3;1;3;0;0;3;1;9;8
207;07.09.2019 12:00;Control;3;0;25;1;4;1;2;1;0;6;4;5;5
208;07.09.2019 11:58;Control;2;1;27;1;4;1;2;1;1;3;2;9;7
209;07.09.2019 11:59;Trust_promise;3;0;43;0;3;1;1;1;1;7;1;8;9
210;07.09.2019 12:01;Control;3;0;30;1;3;1;1;1;0;3;1;11;1
211;07.09.2019 12:08;Trust_promise;3;0;79;0;4;1;3;0;1;8;1;6;4
212;07.09.2019 12:07;Control;1;0;28;1;2;0;1;1;0;3;6;9;9
213;07.09.2019 12:07;Control;1;0;24;0;2;0;2;1;0;6;4;11;4
214;07.09.2019 12:08;Trust_promise;3;1;27;1;3;1;1;1;0;6;1;8;8
215;07.09.2019 12:10;Trust_promise;2;1;53;0;2;0;3;0;0;1;1;8;6
216;07.09.2019 12:11;Control;4;0;25;1;3;1;1;1;0;7;5;9;3
217;07.09.2019 12:10;Control;5;1;29;1;2;0;1;1;NA;6;6;4;4
218;07.09.2019 12:14;Trust_promise;4;1;66;0;2;0;3;0;0;5;11;11;9
219;07.09.2019 12:16;Trust_promise;2;1;29;0;2;0;1;1;0;6;1;11;3
220;07.09.2019 12:21;Trust_promise;1;0;59;1;4;1;2;1;1;3;1;8;9
221;07.09.2019 12:24;Control;1;0;30;1;3;1;1;1;1;6;2;11;8
222;07.09.2019 12:34;Trust_promise;4;1;47;1;4;1;1;1;NA;6;6;8;8
223;07.09.2019 12:26;Trust_promise;3;0;24;1;3;1;2;1;NA;6;6;11;6
224;07.09.2019 12:35;Control;6;1;26;0;2;0;2;1;0;4;11;11;9
225;07.09.2019 12:35;Control;4;0;75;1;2;0;3;0;0;9;6;11;7
226;07.09.2019 12:37;Trust_promise;2;0;18;0;2;0;1;1;0;6;3;8;8
227;07.09.2019 12:37;Control;1;0;57;0;3;1;1;1;0;8;6;8;6
228;07.09.2019 12:36;Trust_promise;5;0;36;1;4;1;1;1;0;6;11;11;9
229;07.09.2019 12:38;Control;1;0;27;0;3;1;2;1;1;9;4;9;6
230;07.09.2019 12:39;Trust_promise;5;0;31;1;3;1;2;1;1;3;2;9;8
231;07.09.2019 12:44;Control;5;0;43;0;3;1;1;1;1;6;2;9;7
232;07.09.2019 12:55;Trust_promise;5;0;34;1;4;1;2;1;1;7;1;11;5
233;07.09.2019 13:03;Trust_promise;4;1;48;1;3;1;2;1;0;5;3;11;9
234;07.09.2019 13:00;Control;2;0;26;1;2;0;3;0;0;6;2;10;6
235;07.09.2019 13:03;Trust_promise;1;0;31;0;4;1;2;1;1;2;1;5;5
236;07.09.2019 13:02;Control;1;1;29;0;2;0;1;1;0;5;1;11;4
237;07.09.2019 13:06;Control;3;0;58;0;2;0;3;0;0;4;8;10;8
238;07.09.2019 13:09;Trust_promise;6;0;63;1;4;1;1;1;1;6;7;6;5
239;07.09.2019 13:12;Control;6;0;22;1;3;1;2;1;0;8;1;7;1
240;07.09.2019 13:11;Trust_promise;2;0;33;0;3;1;2;1;1;3;1;11;7
241;07.09.2019 13:15;Trust_promise;2;0;72;0;4;1;1;1;1;8;9;6;9
242;07.09.2019 13:20;Control;4;0;26;1;3;1;2;1;1;6;1;11;9
243;07.09.2019 13:24;Trust_promise;1;0;48;1;2;0;3;0;0;6;1;11;7
244;07.09.2019 13:27;Trust_promise;3;0;63;0;2;0;3;0;1;5;5;7;8
245;07.09.2019 13:28;Control;4;1;24;0;3;1;1;1;0;6;1;11;6
246;07.09.2019 13:33;Control;4;1;23;0;3;1;1;1;0;1;1;11;8
247;07.09.2019 13:35;Control;1;0;30;1;3;1;1;1;0;2;1;11;8
248;07.09.2019 13:39;Trust_promise;3;0;41;1;3;1;1;1;NA;10;1;11;3
249;07.09.2019 13:46;Trust_promise;2;1;38;0;2;0;1;1;0;5;4;11;8
250;07.09.2019 13:49;Control;2;1;72;0;4;1;3;0;1;10;6;9;8
251;07.09.2019 13:51;Trust_promise;5;1;23;1;2;0;2;1;NA;6;1;9;8
252;07.09.2019 13:57;Control;5;1;52;0;2;0;1;1;NA;8;3;5;7
253;07.09.2019 13:58;Trust_promise;3;0;38;1;4;1;2;1;NA;5;1;7;7
254;07.09.2019 14:02;Control;1;1;22;0;2;0;1;1;0;9;3;11;7
255;07.09.2019 14:04;Trust_promise;3;1;52;0;3;1;1;1;NA;8;1;8;8
256;07.09.2019 14:10;Control;3;1;25;1;3;1;1;1;0;6;2;10;4
257;07.09.2019 14:20;Control;4;1;19;1;2;0;2;1;NA;4;6;6;7
258;07.09.2019 14:20;Trust_promise;3;0;48;0;2;0;1;1;1;5;4;9;9
259;07.09.2019 14:26;Control;2;1;49;1;3;1;3;0;0;7;10;10;10
260;07.09.2019 14:29;Trust_promise;1;1;44;0;2;0;1;1;1;7;4;6;5
261;07.09.2019 14:35;Control;1;1;64;0;3;1;2;1;0;1;1;9;8
262;07.09.2019 14:37;Trust_promise;1;0;71;0;3;1;3;0;1;3;1;10;9
263;07.10.2019 01:54;Control;5;1;38;0;2;0;1;1;0;7;1;9;8
264;07.09.2019 14:43;Trust_promise;5;1;60;1;3;1;2;1;1;9;10;11;9
265;07.09.2019 14:55;Control;1;1;51;1;2;0;2;1;0;6;5;6;7
266;07.10.2019 05:30;Trust_promise;6;0;49;0;2;0;1;1;1;9;6;11;10
267;07.09.2019 14:57;Trust_promise;5;0;53;1;2;0;3;0;0;6;9;9;6
268;07.09.2019 15:09;Control;4;1;43;1;4;1;1;1;1;9;6;11;9
269;07.09.2019 15:13;Control;6;1;28;1;2;0;3;0;0;5;1;10;3
270;07.09.2019 15:14;Trust_promise;2;0;36;0;2;0;2;1;1;5;3;11;5
271;07.09.2019 15:16;Control;6;1;74;1;2;0;3;0;0;6;6;9;8
272;07.09.2019 15:21;Trust_promise;5;0;34;1;3;1;2;1;0;5;9;11;8
273;07.09.2019 15:22;Trust_promise;2;1;22;1;2;0;2;1;0;5;6;9;6
274;07.09.2019 15:26;Control;1;0;30;1;3;1;1;1;0;11;11;11;9
275;07.09.2019 15:23;Control;5;1;55;0;4;1;1;1;1;10;1;11;10
276;07.09.2019 15:30;Trust_promise;3;0;28;0;4;1;1;1;1;3;1;11;11
277;07.09.2019 15:32;Control;4;1;21;1;2;0;3;0;0;7;1;11;3
278;07.09.2019 15:36;Trust_promise;2;0;64;1;4;1;2;1;NA;6;11;9;8
279;07.09.2019 15:37;Trust_promise;3;0;34;0;3;1;1;1;0;7;1;11;8
280;07.09.2019 15:38;Control;5;1;19;0;2;0;3;0;0;6;9;6;8
281;07.09.2019 15:40;Control;6;1;18;0;2;0;1;1;NA;5;6;8;6
282;07.09.2019 15:46;Trust_promise;5;1;34;1;4;1;3;0;0;3;1;11;8
283;07.09.2019 15:48;Control;2;0;76;0;3;1;3;0;0;3;4;6;9
284;07.09.2019 15:49;Trust_promise;3;0;45;1;4;1;2;1;1;2;1;11;9
285;07.09.2019 15:56;Control;6;0;21;0;2;0;1;1;1;5;8;10;8
286;07.09.2019 16:05;Trust_promise;6;0;28;0;2;0;2;1;0;7;5;11;7
287;07.09.2019 16:26;Trust_promise;1;1;28;0;4;1;3;0;0;1;1;11;8
288;07.09.2019 16:27;Control;4;0;70;0;3;1;3;0;NA;10;4;11;6
289;07.09.2019 16:30;Control;6;0;51;0;3;1;1;1;1;8;1;11;7
290;07.09.2019 16:40;Trust_promise;2;0;63;0;1;0;3;0;0;9;9;10;8
291;07.09.2019 16:39;Control;3;1;73;0;3;1;1;1;0;6;9;11;9
292;07.09.2019 16:41;Trust_promise;4;0;44;1;3;1;1;1;NA;8;11;11;8
293;07.09.2019 16:51;Trust_promise;4;1;21;1;3;1;2;1;0;5;1;8;6
294;07.09.2019 17:06;Control;6;0;27;0;4;1;1;1;1;5;1;9;4
295;07.09.2019 17:08;Control;6;0;57;1;3;1;3;0;NA;1;11;9;8
296;07.09.2019 17:18;Trust_promise;2;0;57;0;2;0;1;1;1;3;1;11;9
297;07.09.2019 17:22;Control;3;0;20;1;2;0;1;1;NA;8;2;8;6
298;07.09.2019 17:28;Trust_promise;2;0;47;1;2;0;3;0;0;3;4;9;8
299;07.09.2019 17:32;Trust_promise;5;1;47;1;3;1;1;1;1;7;6;9;8
300;07.09.2019 17:34;Control;3;1;73;1;2;0;3;0;0;7;8;9;9
301;07.09.2019 17:35;Control;1;0;69;0;4;1;3;0;0;1;3;6;9
302;07.09.2019 17:40;Trust_promise;6;0;38;0;2;0;2;1;0;5;1;11;8
303;07.09.2019 17:45;Control;1;1;20;1;3;1;2;1;0;5;3;9;7
304;07.09.2019 17:54;Trust_promise;2;0;27;1;3;1;2;1;0;3;3;11;3
305;07.09.2019 17:55;Trust_promise;3;1;35;0;3;1;3;0;0;4;6;9;7
306;07.09.2019 18:11;Control;4;0;76;0;4;1;3;0;1;4;1;4;9
307;07.09.2019 18:13;Control;4;0;76;0;3;1;3;0;0;7;6;11;9
308;07.09.2019 18:22;Trust_promise;4;0;66;0;6;0;1;1;1;6;11;6;6
309;07.09.2019 18:25;Control;1;0;50;1;2;0;2;1;0;6;7;9;8
310;07.09.2019 18:27;Trust_promise;5;1;44;0;3;1;3;0;0;10;9;7;8
311;07.09.2019 18:30;Trust_promise;5;0;48;1;3;1;1;1;0;6;3;8;7
312;07.09.2019 18:56;Control;4;1;53;0;3;1;1;1;1;5;1;9;9
313;07.09.2019 18:55;Trust_promise;1;1;24;1;3;1;2;1;1;7;1;8;3
314;07.09.2019 19:00;Control;5;1;20;1;2;0;1;1;0;5;9;10;10
315;07.09.2019 19:00;Trust_promise;2;0;25;1;4;1;2;1;1;3;7;9;6
316;07.09.2019 19:04;Control;3;1;47;1;3;1;1;1;0;5;3;8;8
317;07.09.2019 19:09;Control;1;0;31;1;3;1;1;1;1;4;1;3;5
318;07.09.2019 19:12;Trust_promise;5;0;19;1;2;0;1;1;0;7;11;11;7
319;07.09.2019 19:23;Control;3;1;46;0;3;1;2;1;1;4;8;8;10
320;07.09.2019 19:26;Trust_promise;5;1;30;1;4;1;1;1;1;10;4;9;8
321;07.10.2019 00:44;Trust_promise;4;0;29;1;3;1;2;1;0;2;2;11;6
322;07.09.2019 19:29;Control;4;1;69;0;3;1;3;0;1;9;8;6;6
323;07.09.2019 19:38;Trust_promise;3;0;26;0;3;1;1;1;1;5;1;8;8
324;07.09.2019 19:43;Control;4;0;34;1;3;1;1;1;0;4;1;11;8
325;07.09.2019 19:54;Trust_promise;3;0;28;0;4;1;2;1;NA;4;1;10;8
326;07.09.2019 20:04;Control;5;0;46;1;3;1;1;1;NA;9;11;10;9
327;07.09.2019 20:02;Trust_promise;3;0;50;0;2;0;1;1;0;5;1;11;8
328;07.09.2019 20:19;Trust_promise;3;0;20;0;1;0;2;1;0;6;4;11;1
329;07.09.2019 20:29;Control;5;0;53;1;3;1;1;1;1;6;11;11;11
330;07.09.2019 20:29;Control;6;0;46;1;3;1;2;1;0;4;1;9;7
331;07.09.2019 20:40;Trust_promise;3;1;41;0;4;1;1;1;0;6;11;11;7
332;07.09.2019 20:47;Control;1;0;47;1;3;1;2;1;NA;4;2;11;4
333;07.09.2019 20:45;Trust_promise;6;0;62;0;4;1;1;1;1;6;8;11;7
334;07.09.2019 21:01;Trust_promise;6;0;26;0;1;0;1;1;0;6;3;8;5
335;07.09.2019 20:59;Trust_promise;6;0;66;0;5;1;2;1;1;6;1;8;3
336;07.09.2019 20:59;Control;5;0;38;1;3;1;2;1;0;1;1;6;4
337;07.09.2019 21:11;Control;6;1;19;1;2;0;2;1;0;5;4;8;6
338;07.09.2019 21:14;Control;1;0;29;1;2;0;2;1;0;11;11;11;6
339;07.09.2019 21:18;Trust_promise;2;0;70;1;2;0;3;0;0;4;2;5;8
340;07.09.2019 21:26;Control;3;0;60;1;4;1;2;1;NA;10;1;11;9
341;07.09.2019 21:34;Trust_promise;3;0;50;1;2;0;1;1;NA;6;11;9;4
342;07.09.2019 21:40;Control;1;1;66;1;3;1;3;0;NA;7;7;9;7
343;07.09.2019 21:38;Trust_promise;1;0;26;0;3;1;2;1;0;5;2;11;9
344;07.09.2019 21:46;Trust_promise;5;0;71;0;4;1;1;1;0;8;5;8;7
345;07.09.2019 21:47;Control;5;1;24;1;6;0;1;1;NA;3;3;4;7
346;07.09.2019 21:49;Trust_promise;6;1;46;1;1;0;3;0;0;4;1;5;4
347;07.09.2019 21:57;Control;3;0;70;0;2;0;2;1;1;7;1;11;6
348;07.09.2019 22:20;Trust_promise;3;0;45;1;5;1;1;1;1;3;3;7;7
349;07.09.2019 22:59;Control;5;0;68;0;3;1;3;0;0;4;4;10;9
350;07.09.2019 22:32;Control;6;0;38;1;3;1;1;1;NA;9;1;11;2
351;07.09.2019 22:32;Trust_promise;3;0;25;0;2;0;2;1;0;8;1;10;4
352;07.09.2019 22:42;Control;4;0;43;1;2;0;2;1;0;2;4;9;8
353;07.09.2019 22:57;Trust_promise;3;0;50;1;3;1;1;1;1;6;1;11;7
354;07.09.2019 22:58;Trust_promise;3;0;54;1;2;0;1;1;1;5;7;8;10
355;07.09.2019 23:11;Control;2;0;18;1;2;0;3;0;0;6;8;8;8
356;07.09.2019 23:16;Control;2;0;18;1;2;0;1;1;0;9;3;9;8
357;07.09.2019 23:20;Trust_promise;2;0;53;0;6;0;2;1;1;9;2;9;6
358;07.09.2019 23:24;Control;4;1;31;1;2;0;2;1;NA;6;11;11;6
359;07.09.2019 23:26;Trust_promise;5;1;73;0;2;0;3;0;NA;9;1;9;6
360;07.09.2019 23:45;Trust_promise;4;0;46;1;4;1;2;1;NA;9;9;11;8
361;07.09.2019 23:48;Control;1;0;45;0;4;1;1;1;1;9;11;10;8
362;07.10.2019 00:02;Control;1;1;31;1;3;1;2;1;NA;2;4;9;9
363;07.10.2019 00:08;Trust_promise;1;0;69;0;6;0;1;1;1;1;1;11;8
364;07.10.2019 00:08;Control;3;1;26;1;4;1;2;1;0;5;4;8;7
365;07.10.2019 00:10;Trust_promise;2;0;18;1;2;0;3;0;0;4;8;8;7
366;07.10.2019 00:16;Control;5;0;27;0;4;1;1;1;1;4;2;4;8
367;07.10.2019 00:34;Trust_promise;5;0;26;0;4;1;1;1;0;5;11;9;9
368;07.10.2019 00:37;Trust_promise;3;0;79;1;2;0;3;0;NA;5;6;10;8
369;07.10.2019 00:39;Control;5;0;29;0;3;1;2;1;1;8;9;8;8
370;07.10.2019 00:50;Control;2;1;55;1;4;1;2;1;0;6;8;7;9
371;07.10.2019 01:23;Trust_promise;2;0;62;0;4;1;1;1;1;11;1;11;6
372;07.10.2019 01:25;Control;5;0;63;0;2;0;3;0;0;6;11;6;8
373;07.10.2019 06:18;Control;2;0;29;1;4;1;2;1;0;2;3;8;9
374;07.10.2019 06:42;Trust_promise;5;1;27;0;2;0;1;1;0;4;2;11;8
375;07.10.2019 07:08;Control;1;1;33;1;3;1;1;1;1;4;1;8;5
376;07.10.2019 07:15;Trust_promise;2;0;54;1;3;1;2;1;1;4;11;11;10
377;07.10.2019 07:19;Trust_promise;3;0;69;0;1;0;3;0;0;6;1;10;10
378;07.10.2019 07:26;Control;5;0;58;0;2;0;1;1;1;9;10;9;6
379;07.10.2019 08:13;Control;4;1;43;1;3;1;2;1;1;6;5;10;8
380;07.10.2019 08:21;Control;4;1;67;1;2;0;2;1;1;8;5;8;8
381;07.10.2019 08:42;Trust_promise;1;0;27;1;4;1;1;1;1;8;4;6;4
382;07.10.2019 08:49;Trust_promise;1;0;36;0;4;1;1;1;1;5;4;11;9
383;07.10.2019 09:12;Control;4;1;64;0;6;0;1;1;NA;5;6;6;8
384;07.10.2019 09:14;Trust_promise;5;1;75;1;3;1;3;0;0;8;11;11;9
385;07.10.2019 09:22;Trust_promise;5;0;72;0;3;1;3;0;0;5;10;10;10
386;07.10.2019 09:55;Control;2;1;47;1;3;1;1;1;1;8;7;11;8
387;07.10.2019 10:13;Control;6;1;24;0;2;0;1;1;0;9;1;11;7
388;07.10.2019 10:46;Control;2;0;21;1;3;1;2;1;0;6;1;7;5
389;07.10.2019 10:48;Trust_promise;5;0;20;1;2;0;2;1;0;5;11;11;6
390;07.10.2019 10:54;Control;4;1;74;0;1;0;3;0;0;4;1;11;6
391;07.10.2019 11:11;Trust_promise;4;1;49;1;3;1;2;1;1;8;1;11;7
392;07.10.2019 11:11;Trust_promise;6;0;67;0;2;0;2;1;1;6;7;7;7
393;07.10.2019 11:27;Control;1;0;51;1;2;0;2;1;0;11;3;11;5
394;07.10.2019 11:36;Trust_promise;4;0;58;0;4;1;3;0;1;6;1;9;8
395;07.10.2019 11:37;Control;1;1;29;1;3;1;2;1;1;8;3;11;7
396;07.10.2019 11:41;Control;1;0;25;0;4;1;1;1;1;2;5;11;9
397;07.10.2019 11:44;Trust_promise;4;1;39;1;3;1;2;1;0;5;1;11;5
398;07.10.2019 11:59;Control;4;0;20;0;2;0;3;0;NA;4;1;8;4
399;07.10.2019 12:10;Trust_promise;5;0;32;0;2;0;3;0;0;9;1;7;7
400;07.10.2019 12:26;Trust_promise;2;0;38;1;2;0;3;0;0;5;1;7;3
401;07.10.2019 13:12;Control;6;0;24;0;2;0;1;1;1;6;3;7;9
402;07.10.2019 14:49;Control;2;0;52;0;2;0;2;1;0;11;2;7;10
403;07.10.2019 14:59;Control;5;0;27;0;2;0;1;1;0;6;3;11;7
404;07.10.2019 15:04;Trust_promise;6;0;24;1;2;0;2;1;0;8;1;5;5
405;07.10.2019 15:47;Trust_promise;4;0;48;1;2;0;3;0;0;10;11;9;8
406;07.10.2019 15:45;Control;3;0;63;0;3;1;3;0;1;6;1;9;8
407;07.10.2019 16:04;Control;6;0;38;0;2;0;1;1;1;7;2;5;3
408;07.10.2019 16:38;Trust_promise;5;0;41;1;3;1;2;1;0;1;1;11;8
409;07.10.2019 16:52;Trust_promise;5;0;32;0;3;1;1;1;1;8;3;9;8
410;07.10.2019 17:07;Control;2;0;64;1;3;1;2;1;1;6;6;8;9
411;07.10.2019 17:59;Trust_promise;6;0;18;1;2;0;1;1;0;4;6;11;7
412;07.10.2019 18:44;Control;1;1;51;1;2;0;1;1;0;8;10;9;7
413;07.10.2019 18:48;Control;4;1;25;1;2;0;3;0;0;9;1;11;5
414;07.10.2019 19:15;Trust_promise;5;1;26;0;3;1;2;1;NA;6;11;10;8
415;07.10.2019 19:44;Control;2;0;47;1;2;0;1;1;NA;6;3;10;8
416;07.10.2019 19:41;Trust_promise;6;0;62;0;2;0;3;0;1;6;10;9;7
417;07.10.2019 23:58;Trust_promise;1;1;23;1;2;0;2;1;0;4;1;11;7
418;07.10.2019 19:57;Trust_promise;3;0;32;1;3;1;2;1;NA;6;7;7;7
419;07.10.2019 20:26;Control;6;0;27;0;3;1;1;1;0;7;1;11;9
420;07.11.2019 10:57;Trust_promise;3;0;38;0;4;1;2;1;1;9;9;9;7
421;07.10.2019 21:26;Trust_promise;6;0;64;1;3;1;2;1;0;11;6;11;6
422;07.10.2019 21:46;Control;1;1;32;1;4;1;2;1;0;2;1;11;7
423;07.10.2019 21:48;Trust_promise;5;0;29;0;4;1;1;1;1;9;6;11;9
424;07.10.2019 22:32;Control;6;0;77;0;3;1;3;0;0;4;2;8;8
425;07.10.2019 22:48;Trust_promise;2;1;25;0;4;1;3;0;0;5;2;11;8
426;07.10.2019 22:51;Control;1;1;27;1;1;0;3;0;NA;6;4;8;4
427;07.10.2019 23:58;Control;6;0;73;0;4;1;3;0;0;8;11;11;4
428;07.11.2019 00:50;Control;5;1;36;1;3;1;1;1;0;3;3;11;10
429;07.11.2019 02:12;Trust_promise;4;1;23;1;3;1;1;1;0;5;6;10;7
430;07.11.2019 02:35;Trust_promise;3;0;39;0;2;0;1;1;1;6;1;9;8
431;07.11.2019 06:34;Control;3;0;26;1;3;1;1;1;0;2;2;6;5
432;07.11.2019 08:06;Trust_promise;6;0;60;0;3;1;1;1;1;9;1;9;8
433;07.11.2019 08:46;Control;4;1;25;0;2;0;1;1;1;10;5;8;8
434;07.11.2019 10:00;Control;1;0;29;1;2;0;3;0;0;6;1;9;4
435;07.11.2019 11:08;Trust_promise;2;0;68;1;1;0;3;0;1;6;11;11;9
436;07.11.2019 11:42;Control;4;0;26;0;2;0;1;1;1;6;10;11;5
437;07.11.2019 12:16;Control;6;0;68;1;2;0;3;0;NA;6;2;4;9
438;07.11.2019 12:24;Trust_promise;6;0;25;1;4;1;3;0;NA;5;2;10;7
439;07.11.2019 13:16;Control;3;1;67;1;4;1;3;0;0;6;11;8;9
440;07.11.2019 13:28;Trust_promise;5;0;55;1;3;1;1;1;0;3;3;6;4
441;07.11.2019 13:42;Trust_promise;4;0;51;1;3;1;2;1;NA;7;5;10;9
442;07.11.2019 13:54;Control;1;1;27;1;2;0;3;0;NA;5;1;10;6
443;07.11.2019 14:37;Trust_promise;6;0;46;0;2;0;1;1;0;5;1;7;7
444;07.11.2019 14:51;Control;6;1;83;1;2;0;3;0;NA;3;11;11;10
445;07.11.2019 16:01;Control;6;0;20;1;2;0;1;1;NA;10;6;5;10
446;07.11.2019 16:26;Trust_promise;2;0;43;1;4;1;2;1;1;4;1;10;8
447;07.11.2019 16:49;Trust_promise;2;0;56;1;3;1;3;0;0;1;3;8;9
448;07.11.2019 18:06;Control;2;1;22;0;2;0;1;1;0;6;2;11;1
449;07.11.2019 20:06;Trust_promise;6;1;30;1;4;1;1;1;NA;3;4;9;9
450;07.11.2019 21:19;Control;2;0;75;1;4;1;3;0;1;4;1;8;6
451;07.12.2019 09:30;Trust_promise;1;0;18;1;2;0;2;1;1;3;1;11;7
452;07.12.2019 09:50;Control;6;0;32;0;4;1;1;1;0;2;1;11;3
453;07.12.2019 09:59;Control;5;0;28;1;2;0;3;0;0;2;1;7;7
454;07.12.2019 10:34;Trust_promise;1;0;41;1;3;1;2;1;0;3;1;9;9
455;07.12.2019 10:49;Control;4;1;38;0;2;0;1;1;1;9;1;9;9
456;07.12.2019 11:24;Trust_promise;6;1;53;1;3;1;2;1;1;3;3;5;3
457;07.12.2019 14:53;Control;5;0;28;1;4;1;2;1;1;4;2;11;8
458;07.12.2019 16:09;Trust_promise;4;0;75;1;3;1;3;0;NA;8;2;8;5
459;07.12.2019 17:15;Trust_promise;2;0;29;1;4;1;2;1;NA;7;8;9;7
460;07.12.2019 18:09;Control;6;1;28;1;6;0;3;0;NA;6;1;11;7
461;07.12.2019 18:30;Trust_promise;6;0;67;0;2;0;1;1;1;5;1;11;6
462;07.12.2019 20:48;Control;5;0;73;0;1;0;3;0;0;3;2;6;7
463;07.12.2019 20:10;Control;1;1;32;0;2;0;1;1;0;8;11;10;7
464;07.12.2019 20:45;Control;4;0;70;0;4;1;3;0;0;1;1;11;7
465;07.12.2019 23:23;Trust_promise;3;1;23;0;3;1;2;1;0;5;2;4;6
466;07/13/2019 15:44;Trust_promise;6;0;49;1;2;0;3;0;0;7;1;10;5
467;07/13/2019 23:46;Control;5;1;66;1;2;0;2;1;NA;6;3;8;7
468;07/14/2019 08:19;Trust_promise;5;1;57;0;3;1;2;1;1;4;11;11;8
469;07/14/2019 10:27;Control;1;0;45;0;3;1;1;1;0;5;1;8;6
470;07/14/2019 10:40;Trust_promise;6;0;42;0;3;1;2;1;1;7;1;11;4
471;07/14/2019 10:44;Trust_promise;6;0;66;0;2;0;1;1;1;10;3;5;5
472;07/14/2019 10:49;Control;1;0;39;0;4;1;2;1;1;6;1;9;8
473;07/14/2019 11:31;Control;6;0;50;1;3;1;2;1;0;6;10;10;10
474;07/14/2019 12:19;Trust_promise;1;1;72;1;2;0;3;0;NA;4;1;9;7
475;07/14/2019 15:59;Control;4;1;53;1;3;1;2;1;1;7;2;11;2
476;07/14/2019 16:06;Trust_promise;1;0;57;1;2;0;1;1;NA;6;6;10;8
477;07/14/2019 16:09;Control;1;0;49;0;4;1;1;1;1;3;1;11;7
478;07/14/2019 17:14;Trust_promise;1;0;69;1;3;1;3;0;0;6;9;9;10
479;07/14/2019 17:31;Control;3;0;71;1;3;1;3;0;NA;3;6;6;8
480;07/14/2019 17:52;Trust_promise;2;0;38;0;3;1;1;1;0;4;1;11;8
481;07/14/2019 18:22;Control;4;0;68;1;1;0;3;0;0;8;11;10;9
482;07/14/2019 19:43;Trust_promise;6;0;47;0;4;1;1;1;1;9;1;11;9
483;07/14/2019 20:14;Control;4;0;40;1;3;1;2;1;0;6;11;11;10
484;07/14/2019 21:20;Trust_promise;2;0;59;0;2;0;3;0;NA;6;8;7;8
485;07/14/2019 21:22;Trust_promise;6;1;54;0;3;1;1;1;1;5;5;11;8
486;07/14/2019 22:16;Control;2;0;54;0;1;0;1;1;1;11;10;6;9
487;07/14/2019 23:26;Trust_promise;2;0;67;0;3;1;3;0;0;3;2;11;9
488;07/14/2019 22:49;Trust_promise;5;1;60;1;2;0;3;0;0;3;1;11;9
489;07/14/2019 23:15;Control;1;1;70;0;3;1;3;0;1;6;1;10;8
490;07/14/2019 23:41;Control;1;1;62;1;1;0;3;0;0;9;7;10;8
491;07/15/2019 07:34;Trust_promise;1;0;55;0;2;0;1;1;1;11;4;11;4
492;07/15/2019 07:51;Control;4;1;70;1;2;0;3;0;0;5;1;9;9
493;07/15/2019 08:30;Trust_promise;5;1;58;1;4;1;3;0;0;6;11;11;8
494;07/15/2019 08:52;Control;4;1;68;1;2;0;3;0;0;8;6;11;9
495;07/15/2019 11:08;Trust_promise;3;0;47;0;2;0;1;1;1;9;1;6;3
496;07/15/2019 11:10;Control;1;0;45;0;3;1;1;1;1;7;1;10;9
497;07/15/2019 11:12;Control;3;0;53;0;2;0;1;1;NA;6;11;11;1
498;07/15/2019 11:23;Trust_promise;1;0;50;0;2;0;1;1;1;6;8;10;10
499;07/15/2019 13:01;Control;1;0;44;0;3;1;1;1;1;7;1;11;7
500;07/15/2019 13:14;Trust_promise;1;0;76;1;3;1;3;0;0;6;11;11;7
501;07/15/2019 13:17;Trust_promise;3;0;68;1;2;0;3;0;NA;9;11;6;9
502;07/15/2019 15:21;Control;4;1;71;1;4;1;3;0;NA;5;11;11;5
503;07/15/2019 16:03;Control;3;1;66;1;4;1;3;0;NA;3;4;8;10
504;07/15/2019 16:45;Trust_promise;2;0;52;1;4;1;3;0;0;8;3;11;5
505;07/15/2019 17:22;Trust_promise;5;1;64;1;2;0;3;0;0;8;11;5;7
506;07/15/2019 17:26;Control;2;0;66;1;3;1;3;0;0;7;7;7;9
507;07/15/2019 17:30;Control;4;0;72;0;4;1;3;0;0;3;1;6;5
508;07/15/2019 17:48;Trust_promise;4;0;28;1;4;1;2;1;0;6;4;10;6
509;07/15/2019 18:03;Control;3;0;70;1;3;1;3;0;0;9;6;8;7
510;07/15/2019 18:05;Trust_promise;3;1;42;0;3;1;1;1;1;9;1;11;1
511;07/15/2019 18:18;Trust_promise;1;0;73;1;2;0;3;0;0;4;2;5;7
512;07/15/2019 18:26;Control;5;0;71;1;3;1;3;0;NA;5;11;11;8
513;07/15/2019 18:40;Control;4;1;64;1;4;1;1;1;1;4;1;11;9
514;07/15/2019 19:02;Trust_promise;2;0;69;1;2;0;3;0;0;7;10;9;9
515;07/15/2019 19:04;Control;3;0;61;1;1;0;3;0;0;3;1;11;9
516;07/15/2019 19:16;Trust_promise;3;0;66;1;2;0;2;1;NA;4;6;7;8
517;07/15/2019 19:46;Trust_promise;3;1;73;1;4;1;3;0;1;2;1;8;9
518;07/15/2019 19:56;Control;2;0;64;1;2;0;3;0;0;6;7;11;9
519;07/15/2019 20:21;Control;5;1;71;1;2;0;3;0;0;8;9;8;6
520;07/15/2019 20:22;Trust_promise;4;1;48;0;2;0;1;1;1;9;4;9;10
521;07/15/2019 20:47;Control;2;1;75;0;2;0;3;0;0;3;6;5;5
522;07/15/2019 20:46;Trust_promise;5;0;61;1;3;1;1;1;1;7;7;8;7
523;07/15/2019 22:09;Trust_promise;3;0;67;1;1;0;3;0;0;7;11;11;8
524;07/15/2019 22:32;Control;5;1;61;1;1;0;3;0;0;5;7;9;8
525;07/15/2019 22:34;Control;4;1;63;1;2;0;1;1;0;8;4;6;8
526;07/15/2019 22:56;Trust_promise;5;0;60;1;2;0;3;0;0;8;1;11;7
527;07/16/2019 00:38;Control;6;0;75;1;3;1;3;0;1;9;1;7;8
528;07/16/2019 00:51;Trust_promise;3;0;67;1;4;1;3;0;0;6;11;11;7
529;07/16/2019 09:12;Control;3;0;74;1;6;0;3;0;1;5;2;11;1
530;07/16/2019 09:13;Trust_promise;6;1;40;0;3;1;1;1;NA;1;1;6;1
531;07/16/2019 09:27;Trust_promise;1;0;48;0;2;0;3;0;0;3;1;11;7
532;07/16/2019 09:26;Control;6;0;63;1;2;0;3;0;0;10;11;9;8
533;07/16/2019 10:13;Control;2;1;66;1;1;0;3;0;0;7;1;11;7
534;07/16/2019 10:56;Trust_promise;3;1;28;1;4;1;2;1;0;7;1;11;8
535;07/16/2019 10:58;Control;5;1;69;0;3;1;3;0;0;3;1;11;8
536;07/16/2019 10:59;Trust_promise;5;0;50;0;3;1;1;1;1;5;6;9;8
537;07/16/2019 11:01;Trust_promise;6;1;21;1;2;0;1;1;0;6;11;11;7
538;07/16/2019 11:00;Control;4;1;46;1;4;1;2;1;1;4;6;11;11
539;07/16/2019 11:02;Trust_promise;4;1;64;0;2;0;3;0;1;5;1;8;9
540;07/16/2019 11:04;Control;3;1;67;0;1;0;3;0;NA;9;1;11;9
541;07/16/2019 11:03;Trust_promise;1;0;24;1;3;1;2;1;1;6;4;7;8
542;07/16/2019 11:03;Control;1;1;59;0;2;0;3;0;1;10;6;9;8
543;07/16/2019 11:06;Control;2;1;41;1;2;0;3;0;NA;8;3;8;5
544;07/16/2019 11:11;Trust_promise;2;0;36;1;4;1;2;1;0;7;4;8;7
545;07/16/2019 11:11;Control;1;1;73;1;2;0;3;0;0;10;6;2;8
546;07/16/2019 11:11;Trust_promise;1;0;26;1;6;0;1;1;NA;4;2;11;6
547;07/16/2019 11:14;Trust_promise;2;0;19;1;2;0;3;0;0;4;1;11;9
548;07/16/2019 11:15;Control;2;1;53;1;3;1;2;1;1;7;1;11;6
549;07/16/2019 11:26;Trust_promise;3;0;18;1;1;0;1;1;0;3;3;6;6
550;07/16/2019 11:24;Control;2;0;57;1;2;0;1;1;0;6;1;11;10
551;07/16/2019 11:31;Trust_promise;6;0;71;0;3;1;3;0;0;3;1;10;10
552;07/16/2019 11:34;Control;3;0;52;1;3;1;1;1;1;4;2;9;9
553;07/16/2019 11:37;Control;2;0;61;0;4;1;2;1;1;3;1;6;9
554;07/16/2019 11:44;Trust_promise;4;0;67;0;2;0;3;0;NA;4;1;11;8
555;07/16/2019 11:38;Control;3;0;21;1;3;1;3;0;NA;2;3;11;7
556;07/16/2019 11:45;Trust_promise;1;0;50;1;4;1;2;1;1;3;4;11;9
557;07/16/2019 11:48;Trust_promise;4;0;71;0;3;1;3;0;0;8;1;11;5
558;07/16/2019 11:46;Control;4;1;23;1;4;1;1;1;0;4;1;7;6
559;07/16/2019 11:57;Trust_promise;1;0;27;1;4;1;2;1;1;3;4;9;9
560;07/16/2019 12:02;Trust_promise;2;0;42;0;4;1;1;1;1;8;4;9;6
561;07/16/2019 12:04;Control;3;1;54;1;2;0;1;1;1;8;4;11;9
562;07/16/2019 12:07;Control;3;0;24;1;2;0;2;1;0;6;1;7;3
563;07/16/2019 12:12;Trust_promise;2;0;69;0;2;0;3;0;1;9;8;6;7
564;07/16/2019 12:12;Trust_promise;3;0;61;0;3;1;1;1;1;4;2;9;10
565;07/16/2019 12:19;Control;4;1;56;0;1;0;1;1;0;8;1;11;4
566;07/16/2019 12:20;Control;4;1;52;1;3;1;1;1;NA;7;4;8;7
567;07/16/2019 12:22;Trust_promise;2;1;66;0;2;0;3;0;0;2;1;11;9
568;07/16/2019 12:24;Control;6;0;59;0;3;1;1;1;1;7;5;9;7
569;07/16/2019 12:32;Trust_promise;6;0;31;1;3;1;1;1;1;3;1;9;8
570;07/16/2019 12:45;Control;3;1;50;0;2;0;1;1;1;7;6;9;6
571;07/16/2019 12:54;Control;4;0;58;0;2;0;1;1;1;6;2;6;7
572;07/16/2019 12:56;Trust_promise;3;1;66;0;3;1;3;0;0;7;1;7;4
573;07/16/2019 13:04;Trust_promise;2;0;43;1;2;0;1;1;0;7;8;6;9
574;07/16/2019 13:23;Control;2;1;63;0;2;0;1;1;0;6;6;8;8
575;07/16/2019 13:45;Trust_promise;6;1;27;1;3;1;2;1;1;6;8;11;11
576;07/16/2019 13:46;Control;4;0;61;0;1;0;1;1;1;7;1;8;6
577;07/16/2019 13:51;Trust_promise;4;0;77;0;4;1;3;0;0;3;1;9;6
578;07/16/2019 14:02;Control;4;0;39;1;3;1;2;1;NA;7;6;10;7
579;07/16/2019 14:06;Control;2;0;43;0;4;1;1;1;NA;6;10;9;7
580;07/16/2019 14:08;Trust_promise;6;0;78;0;3;1;3;0;1;4;1;4;7
581;07/16/2019 14:12;Control;6;1;70;0;4;1;3;0;0;1;1;4;10
582;07/16/2019 14:33;Trust_promise;4;0;51;1;2;0;2;1;0;5;2;6;4
583;07/16/2019 14:46;Trust_promise;5;0;27;1;4;1;2;1;0;6;1;9;7
584;07/16/2019 15:19;Control;2;1;18;1;1;0;3;0;1;6;2;9;7
585;07/16/2019 15:22;Trust_promise;3;0;47;0;1;0;1;1;0;1;1;1;5
586;07/16/2019 15:37;Control;4;1;62;0;2;0;1;1;NA;8;1;11;8
587;07/16/2019 16:16;Control;6;1;44;0;3;1;2;1;1;8;2;5;4
588;07/16/2019 16:06;Trust_promise;3;0;78;0;4;1;3;0;1;9;4;11;9
589;07/16/2019 16:07;Control;6;1;76;0;3;1;1;1;1;10;9;10;6
590;07/16/2019 16:39;Trust_promise;3;0;69;0;3;1;1;1;1;6;1;11;9
591;07/16/2019 17:06;Trust_promise;3;0;42;0;2;0;3;0;0;5;9;10;7
592;07/16/2019 16:50;Control;2;0;30;1;2;0;3;0;0;1;2;11;9
593;07/16/2019 17:06;Trust_promise;6;1;49;0;4;1;1;1;1;11;9;6;6
594;07/16/2019 17:25;Control;1;1;20;1;2;0;1;1;0;3;3;11;6
595;07/16/2019 17:24;Control;6;1;51;1;2;0;3;0;0;9;9;10;7
596;07/16/2019 17:58;Trust_promise;6;0;56;1;2;0;2;1;0;3;8;8;7
597;07/16/2019 17:59;Trust_promise;6;1;55;1;2;0;3;0;NA;7;1;8;8
598;07/16/2019 18:06;Control;6;1;27;1;3;1;1;1;0;7;1;7;6
599;07/16/2019 18:09;Control;6;1;55;0;2;0;3;0;NA;6;4;11;8
600;07/16/2019 18:40;Trust_promise;2;0;66;0;4;1;3;0;0;2;1;10;10
601;07/16/2019 18:59;Trust_promise;4;1;64;0;2;0;1;1;NA;6;6;8;9
602;07/16/2019 19:17;Control;6;1;44;0;2;0;1;1;1;9;6;7;4
603;07/16/2019 19:23;Control;2;1;60;0;3;1;1;1;0;9;6;11;8
604;07/16/2019 19:35;Trust_promise;1;0;21;1;3;1;3;0;0;8;1;9;9
605;07/16/2019 19:35;Trust_promise;6;1;30;1;4;1;3;0;0;6;7;11;6
606;07/16/2019 19:53;Control;6;0;41;0;2;0;1;1;1;6;8;8;7
607;07/16/2019 20:06;Control;3;0;74;0;3;1;3;0;1;6;11;11;6
608;07/16/2019 20:10;Trust_promise;3;0;34;1;2;0;1;1;0;7;6;8;3
609;07/16/2019 20:23;Control;4;0;69;1;3;1;3;0;0;6;11;11;10
610;07/16/2019 20:25;Trust_promise;4;0;49;0;3;1;1;1;1;8;1;11;9
611;07/16/2019 20:26;Control;3;0;71;0;1;0;3;0;0;11;6;6;5
612;07/16/2019 21:21;Trust_promise;4;0;59;1;3;1;3;0;NA;6;2;10;7
613;07/16/2019 21:29;Control;4;0;58;0;1;0;1;1;0;8;1;6;8
614;07/16/2019 21:42;Trust_promise;6;0;32;1;3;1;1;1;NA;5;3;8;6
615;07/16/2019 22:59;Trust_promise;1;0;66;0;4;1;1;1;NA;3;11;9;9
616;07/16/2019 23:01;Control;3;0;60;0;4;1;1;1;1;9;1;11;8
617;07/16/2019 23:27;Trust_promise;4;1;42;0;4;1;2;1;NA;6;10;9;9
618;07/16/2019 23:47;Control;5;1;73;1;4;1;3;0;1;4;1;9;8
619;07/16/2019 23:56;Trust_promise;6;0;73;0;6;0;3;0;NA;8;2;11;8
620;07/17/2019 00:20;Control;6;0;41;1;4;1;1;1;1;7;1;11;6
621;07/17/2019 08:34;Control;2;0;77;0;3;1;3;0;0;6;8;6;6
622;07/17/2019 08:36;Trust_promise;6;0;60;0;2;0;2;1;1;10;6;9;8
623;07/17/2019 08:43;Trust_promise;5;1;59;1;2;0;1;1;1;10;1;7;10
624;07/17/2019 08:49;Control;5;0;39;1;4;1;2;1;1;6;4;8;6
625;07/17/2019 09:59;Control;6;0;43;0;3;1;1;1;0;2;1;11;9
626;07/17/2019 10:22;Trust_promise;3;0;59;0;3;1;2;1;1;8;1;8;9
627;07/23/2019 09:27;Control;6;1;72;0;1;0;3;0;0;6;3;5;8
628;07/17/2019 10:52;Trust_promise;6;0;51;0;3;1;2;1;1;6;11;9;8
629;07/17/2019 10:51;Trust_promise;3;1;26;1;2;0;1;1;0;6;1;8;6
630;07/17/2019 11:00;Control;5;1;53;1;2;0;1;1;NA;6;3;6;7
631;07/17/2019 11:02;Control;1;0;68;0;3;1;3;0;0;5;2;9;9
632;07/17/2019 13:08;Trust_promise;2;0;21;1;2;0;3;0;0;1;1;11;6
633;07/17/2019 11:05;Trust_promise;6;0;56;1;4;1;2;1;1;6;11;9;9
634;07/17/2019 11:08;Control;4;0;53;0;4;1;1;1;1;6;11;11;9
635;07/17/2019 11:12;Trust_promise;4;0;75;0;2;0;3;0;1;6;3;11;6
636;07/17/2019 11:18;Trust_promise;4;1;47;1;3;1;1;1;NA;8;6;8;9
637;07/17/2019 11:18;Control;1;0;77;0;3;1;1;1;1;10;7;11;6
638;07/17/2019 11:18;Control;3;1;37;1;4;1;2;1;1;4;6;11;9
639;07/17/2019 11:22;Trust_promise;4;0;73;0;3;1;3;0;0;9;9;11;9
640;07/17/2019 11:27;Control;2;0;37;1;3;1;3;0;0;6;8;11;5
641;07/17/2019 11:30;Trust_promise;4;0;24;1;2;0;3;0;0;7;4;8;5
642;07/17/2019 11:37;Control;3;1;58;0;2;0;1;1;0;6;5;6;7
643;07/17/2019 11:38;Trust_promise;4;0;37;0;2;0;1;1;1;6;5;7;7
644;07/17/2019 11:48;Trust_promise;1;0;60;0;2;0;1;1;0;8;6;9;8
645;07/17/2019 11:52;Control;3;1;20;1;2;0;2;1;0;8;1;8;5
646;07/17/2019 11:58;Control;3;0;70;0;4;1;1;1;1;9;1;10;8
647;07/17/2019 11:59;Control;3;1;57;0;2;0;3;0;1;8;6;8;6
648;07/17/2019 12:09;Control;2;0;34;1;3;1;1;1;0;1;1;8;7
649;07/17/2019 12:15;Trust_promise;3;0;21;1;2;0;2;1;NA;6;8;9;8
650;07/17/2019 12:18;Trust_promise;5;0;51;0;3;1;2;1;1;8;3;11;8
651;07/17/2019 12:24;Control;6;0;35;1;2;0;3;0;0;3;1;11;8
652;07/17/2019 12:39;Trust_promise;1;0;73;0;2;0;3;0;0;9;10;6;9
653;07/17/2019 12:55;Control;4;0;64;1;1;0;3;0;NA;4;6;9;7
654;07/17/2019 12:58;Trust_promise;5;0;58;1;3;1;2;1;1;2;1;11;9
655;07/17/2019 13:02;Control;5;1;39;1;2;0;3;0;0;6;9;11;11
656;07/17/2019 13:20;Control;5;0;66;0;3;1;1;1;NA;9;4;6;7
657;07/17/2019 13:33;Trust_promise;3;1;70;0;2;0;3;0;0;2;1;11;7
658;07/17/2019 13:40;Control;5;1;52;1;3;1;3;0;0;8;11;11;6
659;07/17/2019 13:46;Trust_promise;4;1;72;0;2;0;3;0;0;6;6;7;7
660;07/17/2019 13:46;Control;6;0;57;0;2;0;1;1;0;10;1;11;5
661;07/17/2019 13:49;Trust_promise;3;1;51;1;2;0;3;0;NA;6;4;8;5
662;07/17/2019 14:28;Control;6;1;70;0;3;1;3;0;0;10;1;10;7
663;07/17/2019 14:24;Trust_promise;5;0;24;1;2;0;3;0;0;2;2;11;8
664;07/22/2019 10:51;Control;6;1;26;1;4;1;1;1;1;3;1;9;9
665;07/17/2019 15:09;Trust_promise;2;0;50;1;3;1;2;1;NA;6;5;8;8
666;07/17/2019 15:44;Control;3;0;79;0;3;1;3;0;0;10;1;11;6
667;07/17/2019 16:27;Trust_promise;3;1;67;0;2;0;3;0;0;5;5;7;8
668;07/17/2019 16:34;Control;3;0;75;0;2;0;3;0;1;9;8;10;9
669;07/17/2019 16:53;Control;4;1;45;1;3;1;1;1;NA;5;2;9;9
670;07/17/2019 17:03;Trust_promise;2;1;21;1;2;0;1;1;0;6;1;7;8
671;07/17/2019 17:39;Control;1;0;22;1;3;1;2;1;0;3;1;8;9
672;07/17/2019 17:55;Trust_promise;2;0;41;1;6;0;1;1;NA;6;1;10;9
673;07/17/2019 17:58;Trust_promise;6;1;65;1;2;0;2;1;NA;5;6;8;8
674;07/17/2019 18:24;Control;5;0;62;0;4;1;1;1;1;8;1;7;7
675;07/17/2019 20:07;Control;1;0;61;1;3;1;2;1;1;5;9;11;9
676;07/17/2019 20:07;Trust_promise;2;0;38;1;3;1;3;0;0;3;1;9;8
677;07/17/2019 20:27;Control;2;1;71;1;3;1;3;0;0;6;4;11;5
678;07/17/2019 20:48;Trust_promise;4;1;56;0;1;0;3;0;0;7;11;11;9
679;07/17/2019 21:52;Trust_promise;6;0;83;0;1;0;3;0;0;6;1;7;9
680;07/17/2019 21:55;Control;2;0;76;0;3;1;3;0;0;7;3;8;8
681;07/17/2019 22:32;Trust_promise;6;0;57;1;3;1;2;1;0;3;8;8;6
682;07/17/2019 22:35;Control;3;1;67;0;2;0;3;0;NA;3;10;8;8
683;07/17/2019 22:43;Control;1;0;72;0;3;1;3;0;0;7;11;11;10
684;07/17/2019 22:44;Trust_promise;3;1;73;0;1;0;1;1;0;6;8;11;10
685;07/18/2019 00:18;Control;3;0;67;0;4;1;3;0;0;5;6;9;5
686;07/17/2019 23:43;Control;6;1;57;0;4;1;2;1;1;6;1;11;7
687;07/18/2019 00:03;Trust_promise;5;0;67;0;3;1;3;0;1;4;8;7;5
688;07/18/2019 00:34;Trust_promise;3;1;79;0;2;0;3;0;0;10;11;11;8
689;07/18/2019 06:29;Control;5;0;54;1;5;1;3;0;0;5;8;11;8
690;07/18/2019 08:30;Trust_promise;5;0;56;1;2;0;3;0;0;2;1;11;9
691;07/18/2019 08:44;Control;5;0;73;0;3;1;3;0;0;5;1;11;10
692;07/18/2019 09:20;Trust_promise;4;0;73;0;4;1;3;0;1;2;9;9;8
693;07/18/2019 09:19;Control;5;0;51;0;4;1;1;1;1;6;9;9;6
694;07/18/2019 10:18;Trust_promise;1;0;57;0;4;1;1;1;1;9;1;7;7
695;07/18/2019 10:52;Control;1;0;29;1;4;1;1;1;1;8;7;10;8
696;07/18/2019 11:40;Trust_promise;6;1;46;1;2;0;1;1;1;6;6;11;4
697;07/18/2019 13:31;Trust_promise;4;0;73;1;3;1;3;0;1;2;1;6;5
698;07/18/2019 13:37;Control;1;0;24;1;2;0;1;1;NA;4;11;7;8
699;07/18/2019 14:25;Control;3;0;71;1;3;1;3;0;0;5;1;7;9
700;07/18/2019 15:28;Trust_promise;6;0;28;1;6;0;3;0;NA;6;10;5;6
701;07/18/2019 18:38;Control;4;1;54;1;3;1;3;0;0;6;11;10;8
702;07/18/2019 19:08;Trust_promise;3;1;62;1;2;0;1;1;NA;7;1;8;8
703;07/18/2019 21:24;Trust_promise;2;0;53;1;6;0;1;1;0;3;3;7;3
704;07/18/2019 22:06;Control;3;0;52;0;4;1;1;1;1;2;1;11;10
705;07/18/2019 22:15;Control;5;0;68;0;4;1;3;0;0;2;1;10;11
706;07/18/2019 23:31;Trust_promise;2;0;19;1;2;0;1;1;0;3;8;10;7
707;07/19/2019 06:35;Control;3;0;61;0;3;1;1;1;1;8;1;9;8
708;07/19/2019 07:21;Trust_promise;4;0;63;0;3;1;2;1;1;5;1;6;8
709;07/19/2019 08:56;Trust_promise;6;0;74;0;3;1;3;0;0;7;4;11;8
710;07/19/2019 09:55;Control;4;1;60;0;2;0;2;1;1;3;4;6;7
711;07/19/2019 11:11;Trust_promise;6;1;20;1;2;0;1;1;0;9;7;10;5
712;07/19/2019 11:43;Control;2;0;38;1;5;1;2;1;1;2;1;11;8
713;07/19/2019 15:14;Trust_promise;5;1;33;1;3;1;1;1;0;4;1;11;7
714;07/23/2019 09:32;Control;1;0;35;1;2;0;1;1;NA;6;1;5;5
715;07/19/2019 15:43;Control;2;0;51;0;3;1;1;1;NA;5;1;11;7
716;07/19/2019 16:32;Trust_promise;3;0;70;0;2;0;3;0;0;3;8;10;9
717;07/19/2019 23:32;Control;5;0;50;1;3;1;3;0;0;5;11;11;9
718;07/20/2019 10:26;Trust_promise;1;0;53;0;2;0;1;1;0;5;6;7;7
719;07/20/2019 11:18;Control;4;0;68;0;3;1;3;0;NA;7;6;11;7
720;07/20/2019 16:25;Trust_promise;6;0;19;1;2;0;2;1;NA;9;11;10;8
721;07/21/2019 00:48;Control;3;1;72;0;3;1;3;0;0;4;6;8;9
722;07/21/2019 07:02;Control;2;1;70;0;3;1;1;1;0;7;6;6;8
723;07/21/2019 11:12;Trust_promise;4;0;80;0;3;1;3;0;0;8;11;11;7
724;07/21/2019 14:11;Trust_promise;1;0;69;1;3;1;3;0;0;4;7;9;6
725;07/21/2019 15:13;Control;3;1;43;1;3;1;2;1;1;5;3;7;10
726;07/21/2019 19:30;Trust_promise;6;1;33;1;2;0;1;1;0;7;1;10;7
727;07/21/2019 22:43;Control;5;0;54;0;4;1;1;1;1;4;2;8;8
728;07/22/2019 09:19;Control;4;1;55;0;2;0;1;1;0;5;4;7;8
729;07/22/2019 10:21;Control;6;0;31;0;4;1;1;1;0;7;6;4;8
730;07/22/2019 09:26;Control;1;0;65;1;2;0;3;0;0;6;6;7;7
731;07/22/2019 09:45;Control;2;1;75;0;4;1;3;0;NA;7;10;8;7
732;07/22/2019 09:31;Trust_promise;3;1;64;1;3;1;2;1;0;3;11;7;5
733;07/22/2019 09:36;Trust_promise;2;0;27;0;3;1;1;1;1;6;9;8;5
734;07/22/2019 09:39;Trust_promise;3;0;48;1;2;0;1;1;1;11;3;9;8
735;07/22/2019 09:42;Trust_promise;1;0;26;0;2;0;1;1;NA;6;1;9;7
736;07/22/2019 09:44;Control;6;0;51;1;4;1;2;1;1;6;5;11;9
737;07/22/2019 09:56;Trust_promise;3;0;47;1;2;0;1;1;0;11;1;11;6
738;07/22/2019 10:04;Control;4;0;48;0;2;0;2;1;0;11;11;9;6
739;07/22/2019 10:04;Trust_promise;6;0;52;0;3;1;1;1;1;9;6;9;9
740;07/22/2019 10:07;Control;3;0;56;1;2;0;2;1;0;9;4;11;8
741;07/22/2019 10:13;Trust_promise;3;0;55;0;4;1;2;1;1;8;8;8;8
742;07/22/2019 10:25;Trust_promise;1;1;73;0;2;0;3;0;1;9;11;11;7
743;07/22/2019 10:27;Control;5;0;68;1;2;0;1;1;1;6;3;9;8
744;07/22/2019 10:44;Trust_promise;1;0;66;0;1;0;3;0;NA;8;1;9;9
745;07/22/2019 10:44;Trust_promise;6;1;37;1;4;1;3;0;NA;10;8;9;8
746;07/22/2019 10:47;Control;1;0;72;0;4;1;3;0;0;8;9;9;8
747;07/22/2019 10:56;Trust_promise;2;0;35;1;4;1;2;1;0;9;1;8;8
748;07/22/2019 11:16;Control;3;0;72;0;2;0;1;1;0;9;5;10;9
749;07/22/2019 11:19;Trust_promise;5;0;56;0;4;1;1;1;NA;8;1;4;6
750;07/22/2019 11:38;Trust_promise;3;1;43;0;4;1;2;1;1;6;10;9;8
751;07/22/2019 11:39;Trust_promise;5;0;40;1;4;1;1;1;1;9;6;9;8
752;07/22/2019 12:00;Control;3;0;58;1;2;0;2;1;0;4;6;6;8
753;07/22/2019 12:30;Trust_promise;1;0;54;1;6;0;2;1;1;7;11;11;9
754;07/22/2019 12:28;Control;2;0;49;0;3;1;1;1;NA;9;6;9;7
755;07/22/2019 12:41;Control;4;1;57;0;2;0;1;1;1;1;2;2;1
756;07/22/2019 12:52;Trust_promise;6;0;47;1;2;0;1;1;NA;6;5;7;6
757;07/22/2019 12:59;Trust_promise;3;1;62;1;2;0;3;0;NA;5;8;11;7
758;07/22/2019 13:47;Control;4;1;32;1;2;0;1;1;1;6;1;6;7
759;07/22/2019 14:01;Control;4;0;33;1;2;0;1;1;0;3;1;9;5
760;07/22/2019 14:19;Trust_promise;1;0;47;0;3;1;2;1;NA;10;10;11;6
761;07/22/2019 14:39;Trust_promise;1;0;49;0;3;1;1;1;1;7;4;11;4
762;07/22/2019 15:01;Control;1;0;34;1;3;1;1;1;1;11;7;9;4
763;07/22/2019 15:19;Trust_promise;4;1;33;1;3;1;1;1;1;6;1;5;9
764;07/22/2019 15:27;Control;5;0;39;0;4;1;2;1;1;4;5;10;9
765;07/22/2019 15:40;Control;4;0;74;0;3;1;3;0;0;9;1;8;6
766;07/22/2019 15:44;Trust_promise;6;0;57;0;2;0;2;1;1;6;11;9;6
767;07/22/2019 16:20;Control;6;0;31;1;4;1;1;1;1;3;2;10;8
768;07/22/2019 16:57;Trust_promise;2;0;37;1;4;1;2;1;1;3;1;10;7
769;07/22/2019 17:27;Trust_promise;4;1;73;0;2;0;3;0;0;8;1;4;5
770;07/22/2019 17:56;Control;6;0;72;0;4;1;3;0;1;8;7;11;9
771;07/22/2019 18:23;Control;5;1;64;1;4;1;1;1;NA;6;1;9;9
772;07/22/2019 18:30;Trust_promise;1;0;37;0;3;1;2;1;1;6;1;1;8
773;07/22/2019 18:39;Control;2;1;20;1;2;0;3;0;0;8;11;11;11
774;07/22/2019 18:57;Trust_promise;2;0;27;1;2;0;3;0;0;3;1;9;7
775;07/22/2019 19:15;Control;5;0;36;0;2;0;1;1;1;6;1;6;8
776;07/22/2019 19:21;Trust_promise;3;0;51;1;4;1;2;1;1;4;11;11;10
777;07/22/2019 19:42;Trust_promise;6;0;66;1;4;1;3;0;0;2;1;9;10
778;07/22/2019 19:56;Control;4;0;30;1;4;1;1;1;0;6;2;9;5
779;07/22/2019 20:46;Trust_promise;6;0;74;0;4;1;3;0;1;7;9;9;9
780;07/22/2019 20:44;Control;5;1;19;1;2;0;3;0;NA;6;2;4;6
781;07/22/2019 22:08;Trust_promise;6;0;38;0;4;1;1;1;1;8;10;8;8
782;07/22/2019 21:44;Control;6;0;61;0;4;1;2;1;1;5;1;11;8
783;07/22/2019 21:52;Trust_promise;4;0;42;0;2;0;3;0;0;4;4;7;9
784;07/22/2019 22:32;Control;1;1;26;0;3;1;1;1;0;6;1;11;8
785;07/22/2019 23:59;Control;6;1;36;0;2;0;1;1;0;2;1;4;5
786;07/23/2019 00:31;Trust_promise;4;0;29;1;2;0;2;1;0;4;1;11;8
787;07/23/2019 00:40;Control;4;1;19;1;2;0;1;1;NA;5;4;6;7
788;07/23/2019 02:05;Trust_promise;4;0;26;1;3;1;2;1;0;2;2;11;1
789;07/23/2019 08:46;Trust_promise;4;1;26;1;2;0;3;0;NA;6;1;11;9
790;07/23/2019 09:27;Trust_promise;6;1;47;0;3;1;1;1;1;9;9;10;5
791;07/23/2019 09:26;Trust_promise;2;0;22;1;3;1;2;1;NA;5;1;9;6
792;07/23/2019 09:55;Control;5;1;53;1;2;0;1;1;0;6;11;11;11
793;07/23/2019 09:41;Control;3;1;35;1;2;0;2;1;1;9;6;6;7
794;07/23/2019 09:47;Trust_promise;2;0;71;0;2;0;3;0;0;5;4;4;8
795;07/23/2019 09:50;Control;1;0;56;0;3;1;2;1;1;5;7;11;9
796;07/23/2019 09:58;Trust_promise;6;0;75;1;3;1;3;0;1;9;6;8;8
797;07/23/2019 10:06;Control;5;0;28;1;3;1;3;0;NA;6;1;11;7
798;07/23/2019 10:43;Trust_promise;4;0;34;1;3;1;1;1;1;4;1;10;5
799;07/23/2019 10:50;Trust_promise;2;0;30;1;3;1;1;1;0;5;5;6;4
800;07/23/2019 11:00;Control;4;1;74;0;3;1;3;0;1;8;9;9;9
